error_severity,event_message,id,query,timestamp
LOG,cron job 1 starting: select,4efbc252-f1f9-4f37-bd7a-db0cc8840837,null,1776015120008000
LOG,cron job 1 starting: select,c0d6fb46-b1f4-4909-910f-67a48a3df9b8,null,1776015060096000
LOG,cron job 1 completed: 1 row,24423733-15db-4cd4-982f-1905e107a73c,null,1776014945128000
LOG,cron job 1 job startup timeout,b8dd247d-d1b2-4d46-83b7-392564ada378,null,1776014892518000
LOG,cron job 1 starting: select,3e4b8add-431f-4051-a239-8842480393df,null,1776014886180000
LOG,cron job 1 starting: select,9340060c-e684-4e3c-9455-d0dcfe918796,null,1776014821005000
LOG,cron job 1 completed: 1 row,a7cf317a-7bc0-4150-8bc6-d86335a14d8d,null,1776014767464000
LOG,cron job 1 starting: select,50ad43f8-68ef-48e3-b33b-fd30a6caee26,null,1776014760999000
LOG,cron job 1 starting: select,1112f6be-2b46-4c76-b9eb-d4638652c1f8,null,1776014704061000
LOG,cron job 1 starting: select,16b60e13-93c6-48f9-94cb-f1f143c63938,null,1776014640126000
LOG,cron job 1 starting: select,0363bd27-fa6a-4796-ab3c-286f9061e4e8,null,1776014580119000
LOG,cron job 1 starting: select,6d610d38-456b-46a6-b571-a94a766d9a0c,null,1776014520791000
LOG,cron job 1 starting: select,22834247-50de-4e6d-950d-d34ca478b978,null,1776014460109000
LOG,cron job 1 starting: select,a3cd0d8d-1872-4fb4-9340-5b9183148f40,null,1776014340103000
LOG,cron job 1 starting: select,6ae9a596-d485-4249-b15f-3d39f6eca481,null,1776014280112000
LOG,cron job 1 starting: select,87c56f67-4317-4465-af4f-2772d13a967f,null,1776014220100000
LOG,cron job 1 starting: select,9f869b2a-39e1-455d-a3a4-a904ac59219a,null,1776014100105000
LOG,cron job 1 starting: select,4f46fb98-c47a-47b8-8e85-0724ec6ac0c0,null,1776014040138000
LOG,cron job 1 starting: select,7ff892da-7260-4df6-b494-64b47b9fcb05,null,1776013980090000
LOG,cron job 1 starting: select,c81d3b5c-aa01-4083-89f9-d1ccc4c5b60b,null,1776013920112000
LOG,cron job 1 starting: select,a898a83c-16a2-4502-8641-3419c646d344,null,1776013860119000
LOG,cron job 1 starting: select,3efdf0b6-9c8f-4496-8901-546e96d61585,null,1776013800093000
LOG,cron job 1 starting: select,c7a22f10-c477-4152-8415-354eac713717,null,1776013740124000
LOG,cron job 1 starting: select,6d5e9b02-8d23-4779-93d1-f9767687962b,null,1776013680093000
LOG,cron job 1 starting: select,a1a23771-0a3e-45cc-9e36-d34d72e1dcc4,null,1776013620016000
LOG,cron job 1 starting: select,37f28798-024b-4191-92a7-b4b4eff494f8,null,1776013560153000
LOG,cron job 1 starting: select,51858d70-1a44-43aa-8c91-6a03b40980f4,null,1776013502742000
LOG,cron job 1 starting: select,396c4814-a111-4cc1-95c6-5b911ead5d18,null,1776013440129000
LOG,cron job 1 starting: select,5648f827-b946-4aa8-b715-b721ec316cd8,null,1776013380011000
LOG,cron job 1 starting: select,cbb22ea9-5330-40c3-9e55-d95b0e236e55,null,1776013320014000
LOG,cron job 1 starting: select,be8f2e9c-2c7b-478e-a455-d4c75abef3c3,null,1776013260014000
LOG,cron job 1 starting: select,9436d09c-d439-4ef4-a713-57845cb3ee8d,null,1776013200011000
LOG,cron job 1 starting: select,8cbd88ad-04ae-41d8-ad22-641c089415e9,null,1776013140007000
LOG,cron job 1 starting: select,ca834f04-e6bc-429c-b761-b7fff3fe3760,null,1776013080024000
LOG,cron job 1 starting: select,4a4604c5-7a55-4b22-ab17-c82d94fb78be,null,1776013020057000
LOG,cron job 1 starting: select,346b31b8-32c0-4b73-8183-3ead76cf87f9,null,1776012960145000
LOG,cron job 1 starting: select,0b00a062-dad9-4bdf-b29e-ded0087d0d2e,null,1776012900119000
LOG,cron job 1 starting: select,9a9b5747-f12d-4979-8e60-cf359664b587,null,1776012840112000
LOG,cron job 1 starting: select,02b0328b-372e-494c-93cc-ae32a24c5f07,null,1776012780008000
LOG,cron job 1 starting: select,84bc173b-3a28-4f19-8723-d82396a36101,null,1776012720146000
LOG,cron job 1 starting: select,ae052170-cf2f-40cc-9364-99fc83d82626,null,1776012660079000
LOG,cron job 1 starting: select,6b38b695-cba3-4504-bc98-8f76da23af1f,null,1776012600146000
LOG,cron job 1 starting: select,48a09cfc-4514-41ee-84b7-f86eba2829b2,null,1776012540008000
LOG,cron job 1 starting: select,b74fd9d7-da77-4134-8ff8-705ad3650242,null,1776012480134000
LOG,cron job 1 starting: select,8e3fc893-907d-428e-a021-db1dfb3b02e4,null,1776012420108000
LOG,cron job 1 starting: select,a6601e85-d067-44e1-b0cc-76e758112425,null,1776012360085000
LOG,cron job 1 starting: select,6e4f235b-9770-4494-86b4-61559f251a04,null,1776012300174000
LOG,cron job 1 starting: select,2e9930ab-1ce6-4bd9-b9c7-1e08bcbf2856,null,1776012240098000
LOG,cron job 1 starting: select,1196834e-a4a5-4bda-ae15-51aad8e5e263,null,1776012180111000
LOG,cron job 1 starting: select,7f8200c9-07f4-47f7-b7b1-4723282a84d3,null,1776012120131000
LOG,cron job 1 starting: select,65ea2b80-3e51-4fdc-b2ef-d910bf95b5c3,null,1776012060154000
LOG,cron job 1 starting: select,c1068232-a56b-4328-8e9e-401e13a3dd2f,null,1776012000011000
LOG,cron job 1 starting: select,b2c7e6f8-0c97-44ba-8b25-2bbc04c2fc52,null,1776011940122000
LOG,cron job 1 starting: select,e0068f74-bb69-4720-aca1-65fa148c5566,null,1776011880119000
LOG,cron job 1 starting: select,899bf404-6d4d-4c39-9522-60536308cb72,null,1776011820084000
LOG,cron job 1 starting: select,6a239654-0d6b-41e6-b197-9a137cab1163,null,1776011760123000
LOG,cron job 1 starting: select,cc33a479-25c8-4a73-b15a-3a4115d9bc0a,null,1776011700140000
LOG,cron job 1 starting: select,e0e8ef45-4c20-4f57-b9df-1fcd98c25b57,null,1776011640584000